{
  "data" : [
    {
      "id" : "function-add",
      "type" : "function",
      "name" : "add"
    },
    {
      "id" : "template-:)",
      "type" : "template",
      "template" : ":)"
    },
    {
      "id" : "template-Hello {name}!",
      "type" : "template",
      "template" : "Hello {name}!",
      "requirements" : [
        {
          "name" : "name",
          "negative" : false
        }
      ]
    },
    {
      "id" : "template-Hello!",
      "type" : "template",
      "template" : "Hello!"
    },
    {
      "id" : "template-I am playing in space",
      "type" : "template",
      "template" : "I am playing in space"
    },
    {
      "id" : "template-I'm great! Thanks",
      "type" : "template",
      "template" : "I'm great! Thanks"
    },
    {
      "id" : "template-I'm great! how about you?",
      "type" : "template",
      "template" : "I'm great! how about you?"
    },
    {
      "id" : "template-Nice to meet you {name}!",
      "type" : "template",
      "template" : "Nice to meet you {name}!",
      "requirements" : [
        {
          "name" : "name",
          "negative" : false
        }
      ]
    },
    {
      "id" : "template-yup, how can I help?",
      "type" : "template",
      "template" : "yup, how can I help?"
    }
  ]
}