{
  "data" : [
    {
      "text" : "1 + 1",
      "entities" : [
        {
          "entity" : "number",
          "value" : "\"1\"",
          "start" : 0,
          "end" : 1
        },
        {
          "entity" : "number",
          "value" : "\"1\"",
          "start" : 4,
          "end" : 5
        }
      ]
    },
    {
      "text" : "Are you doing good today?",
      "entities" : [
        {
          "entity" : "intent",
          "value" : "\"wellness\"",
          "start" : 0,
          "end" : 13
        }
      ]
    },
    {
      "text" : "Hello joel",
      "entities" : [
        {
          "entity" : "intent",
          "value" : "\"greeting\""
        }
      ]
    },
    {
      "text" : "Hey joel",
      "entities" : [
        {
          "entity" : "intent",
          "value" : "\"greeting\""
        }
      ]
    },
    {
      "text" : "Hi joel",
      "entities" : [
        {
          "entity" : "intent",
          "value" : "\"greeting\"",
          "start" : 0,
          "end" : 3
        }
      ]
    },
    {
      "text" : "Hi joel!",
      "entities" : [
        {
          "entity" : "intent",
          "value" : "\"greeting\"",
          "start" : 0,
          "end" : 2
        }
      ]
    },
    {
      "text" : "Hi joel, I'm keith",
      "entities" : [
        {
          "entity" : "intent",
          "value" : "\"greeting\"",
          "start" : 0,
          "end" : 2
        },
        {
          "entity" : "name",
          "value" : "\"keith\"",
          "start" : 13,
          "end" : 18
        }
      ]
    },
    {
      "text" : "How are you doing joel?",
      "entities" : [
        {
          "entity" : "intent",
          "value" : "\"wellness\""
        }
      ]
    },
    {
      "text" : "How are you doing today joel?",
      "entities" : [
        {
          "entity" : "intent",
          "value" : "\"wellness\""
        }
      ]
    },
    {
      "text" : "How are you today?",
      "entities" : [
        {
          "entity" : "intent",
          "value" : "\"wellness\"",
          "start" : 0,
          "end" : 11
        }
      ]
    },
    {
      "text" : "How're you doing?",
      "entities" : [
        {
          "entity" : "intent",
          "value" : "\"wellness\"",
          "start" : 0,
          "end" : 16
        }
      ]
    },
    {
      "text" : "How're you joel?",
      "entities" : [
        {
          "entity" : "intent",
          "value" : "\"wellness\""
        }
      ]
    },
    {
      "text" : "How's joel doing",
      "entities" : [
        {
          "entity" : "intent",
          "value" : "\"wellness\""
        }
      ]
    },
    {
      "text" : "Howdy joel",
      "entities" : [
        {
          "entity" : "intent",
          "value" : "\"greeting\"",
          "start" : 0,
          "end" : 6
        }
      ]
    },
    {
      "text" : "I'm doing pretty good",
      "entities" : [
        {
          "entity" : "intent",
          "value" : "\"wellness\""
        },
        {
          "entity" : "condition",
          "value" : "\"health\"",
          "start" : 10,
          "end" : 21
        }
      ]
    },
    {
      "text" : "I'm good",
      "entities" : [
        {
          "entity" : "condition",
          "value" : "\"health\"",
          "start" : 0,
          "end" : 8
        }
      ]
    },
    {
      "text" : "I'm great!",
      "entities" : [
        {
          "entity" : "condition",
          "value" : "\"health\"",
          "start" : 0,
          "end" : 9
        }
      ]
    },
    {
      "text" : "Is joel here?",
      "entities" : [
        {
          "entity" : "intent",
          "value" : "\"online\""
        }
      ]
    },
    {
      "text" : "Joel meet Wes",
      "entities" : [
        {
          "entity" : "intent",
          "value" : "\"introduction\""
        },
        {
          "entity" : "name",
          "value" : "\"Wes\"",
          "start" : 10,
          "end" : 13
        }
      ]
    },
    {
      "text" : "Meet joel wes",
      "entities" : [
        {
          "entity" : "intent",
          "value" : "\"introduction\""
        },
        {
          "entity" : "name",
          "value" : "\"Wes\"",
          "start" : 10,
          "end" : 13
        }
      ]
    },
    {
      "text" : "What are you doing?",
      "entities" : [
        {
          "entity" : "intent",
          "value" : "\"actions\"",
          "start" : 5,
          "end" : 18
        },
        {
          "entity" : "type",
          "value" : "\"question\"",
          "start" : 18,
          "end" : 19
        }
      ]
    },
    {
      "text" : "Where is joel?",
      "entities" : [
        {
          "entity" : "intent",
          "value" : "\"online\""
        }
      ]
    },
    {
      "text" : "Yo",
      "entities" : [
        {
          "entity" : "intent",
          "value" : "\"greeting\"",
          "start" : 0,
          "end" : 2
        }
      ]
    },
    {
      "text" : "Yo joel",
      "entities" : [
        {
          "entity" : "intent",
          "value" : "\"greeting\""
        }
      ]
    },
    {
      "text" : "are you good today joel?",
      "entities" : [
        {
          "entity" : "intent",
          "value" : "\"wellness\"",
          "start" : 4,
          "end" : 23
        },
        {
          "entity" : "type",
          "value" : "\"question\"",
          "start" : 23,
          "end" : 24
        }
      ]
    },
    {
      "text" : "are you here joel?",
      "entities" : [
        {
          "entity" : "intent",
          "value" : "\"online\"",
          "start" : 4,
          "end" : 17
        }
      ]
    },
    {
      "text" : "hey jeol",
      "entities" : [
        {
          "entity" : "intent",
          "value" : "\"greeting\""
        }
      ]
    },
    {
      "text" : "hey joel",
      "entities" : [
        {
          "entity" : "intent",
          "value" : "\"greeting\""
        }
      ]
    },
    {
      "text" : "hey joel, you here?",
      "entities" : [
        {
          "entity" : "intent",
          "value" : "\"online\"",
          "start" : 10,
          "end" : 12
        }
      ]
    },
    {
      "text" : "hi"
    },
    {
      "text" : "hi joel",
      "entities" : [
        {
          "entity" : "intent",
          "value" : "\"greeting\"",
          "start" : 0,
          "end" : 3
        }
      ]
    },
    {
      "text" : "how are you doing joel",
      "entities" : [
        {
          "entity" : "intent",
          "value" : "\"wellness\"",
          "start" : 4,
          "end" : 17
        }
      ]
    },
    {
      "text" : "how are you doing joel?",
      "entities" : [
        {
          "entity" : "intent",
          "value" : "\"wellness\"",
          "start" : 4,
          "end" : 17
        }
      ]
    },
    {
      "text" : "how are you doing today joel?",
      "entities" : [
        {
          "entity" : "intent",
          "value" : "\"wellness\"",
          "start" : 4,
          "end" : 17
        },
        {
          "entity" : "type",
          "value" : "\"question\"",
          "start" : 28,
          "end" : 29
        }
      ]
    },
    {
      "text" : "how are you doing today?",
      "entities" : [
        {
          "entity" : "intent",
          "value" : "\"wellness\"",
          "start" : 4,
          "end" : 17
        },
        {
          "entity" : "type",
          "value" : "\"question\"",
          "start" : 23,
          "end" : 24
        }
      ]
    },
    {
      "text" : "how are you doing?",
      "entities" : [
        {
          "entity" : "intent",
          "value" : "\"wellness\"",
          "start" : 4,
          "end" : 17
        }
      ]
    },
    {
      "text" : "how are you joel?",
      "entities" : [
        {
          "entity" : "intent",
          "value" : "\"wellness\""
        }
      ]
    },
    {
      "text" : "how are you today joel",
      "entities" : [
        {
          "entity" : "intent",
          "value" : "\"wellness\"",
          "start" : 0,
          "end" : 11
        }
      ]
    },
    {
      "text" : "how are you today joel?",
      "entities" : [
        {
          "entity" : "intent",
          "value" : "\"wellness\"",
          "start" : 0,
          "end" : 11
        },
        {
          "entity" : "type",
          "value" : "\"question\"",
          "start" : 22,
          "end" : 23
        }
      ]
    },
    {
      "text" : "how are you today?",
      "entities" : [
        {
          "entity" : "intent",
          "value" : "\"wellness\"",
          "start" : 0,
          "end" : 11
        }
      ]
    },
    {
      "text" : "how're you doing joel?",
      "entities" : [
        {
          "entity" : "intent",
          "value" : "\"wellness\""
        }
      ]
    },
    {
      "text" : "howdy joel"
    },
    {
      "text" : "is joel here?",
      "entities" : [
        {
          "entity" : "intent",
          "value" : "\"online\""
        }
      ]
    },
    {
      "text" : "is you day going good joel?",
      "entities" : [
        {
          "entity" : "intent",
          "value" : "\"wellness\"",
          "start" : 3,
          "end" : 5
        },
        {
          "entity" : "type",
          "value" : "\"question\"",
          "start" : 26,
          "end" : 27
        }
      ]
    },
    {
      "text" : "joel how are you",
      "entities" : [
        {
          "entity" : "intent",
          "value" : "\"wellness\"",
          "start" : 5,
          "end" : 16
        }
      ]
    },
    {
      "text" : "joel meet wes",
      "entities" : [
        {
          "entity" : "intent",
          "value" : "\"introduction\"",
          "start" : 5,
          "end" : 10
        },
        {
          "entity" : "name",
          "value" : "\"Wes\"",
          "start" : 10,
          "end" : 13
        }
      ]
    },
    {
      "text" : "joel, meet wes",
      "entities" : [
        {
          "entity" : "intent",
          "value" : "\"introduction\"",
          "start" : 6,
          "end" : 11
        },
        {
          "entity" : "name",
          "value" : "\"Wes\"",
          "start" : 11,
          "end" : 14
        }
      ]
    },
    {
      "text" : "wes meet joel",
      "entities" : [
        {
          "entity" : "intent",
          "value" : "\"introduction\""
        },
        {
          "entity" : "name",
          "value" : "\"Wes\"",
          "start" : 0,
          "end" : 3
        }
      ]
    },
    {
      "text" : "wes this is joel",
      "entities" : [
        {
          "entity" : "intent",
          "value" : "\"introduction\""
        },
        {
          "entity" : "name",
          "value" : "\"Wes\"",
          "start" : 0,
          "end" : 3
        }
      ]
    },
    {
      "text" : "wes, meet joel",
      "entities" : [
        {
          "entity" : "intent",
          "value" : "\"greeting\""
        },
        {
          "entity" : "name",
          "value" : "\"Wes\"",
          "start" : 0,
          "end" : 3
        }
      ]
    },
    {
      "text" : "wes, meet the friendly chat bot joel",
      "entities" : [
        {
          "entity" : "intent",
          "value" : "\"introduction\""
        },
        {
          "entity" : "name",
          "value" : "\"Wes\"",
          "start" : 0,
          "end" : 3
        }
      ]
    },
    {
      "text" : "what are you doing joel",
      "entities" : [
        {
          "entity" : "intent",
          "value" : "\"wellness\"",
          "start" : 8,
          "end" : 9
        }
      ]
    },
    {
      "text" : "what are you up to?",
      "entities" : [
        {
          "entity" : "intent",
          "value" : "\"actions\"",
          "start" : 0,
          "end" : 12
        },
        {
          "entity" : "type",
          "value" : "\"question\"",
          "start" : 18,
          "end" : 19
        }
      ]
    },
    {
      "text" : "whatcha up to joel",
      "entities" : [
        {
          "entity" : "intent",
          "value" : "\"actions\"",
          "start" : 8,
          "end" : 13
        }
      ]
    },
    {
      "text" : "whatcha up to?",
      "entities" : [
        {
          "entity" : "intent",
          "value" : "\"actions\"",
          "start" : 8,
          "end" : 13
        },
        {
          "entity" : "type",
          "value" : "\"question\"",
          "start" : 13,
          "end" : 14
        }
      ]
    },
    {
      "text" : "yo joel",
      "entities" : [
        {
          "entity" : "intent",
          "value" : "\"greeting\""
        }
      ]
    }
  ]
}