{
  "data" : [
    {
      "name" : "",
      "turns" : [
        {
          "user" : "Hi joel",
          "entities" : [
            {
              "entity" : "intent",
              "value" : "\"greeting\""
            }
          ],
          "operations" : [
            {
              "action" : "template-Hello!"
            }
          ]
        }
      ]
    },
    {
      "name" : "",
      "turns" : [
        {
          "user" : "Is joel here?",
          "entities" : [
            {
              "entity" : "intent",
              "value" : "\"online\""
            }
          ],
          "operations" : [
            {
              "action" : "template-yup, how can I help?"
            }
          ]
        }
      ]
    },
    {
      "name" : "",
      "turns" : [
        {
          "user" : "How are you doing joel?",
          "entities" : [
            {
              "entity" : "intent",
              "value" : "\"wellness\""
            }
          ],
          "operations" : [
            {
              "action" : "template-I'm great! how about you?"
            }
          ]
        },
        {
          "user" : "I'm doing pretty good",
          "entities" : [
            {
              "entity" : "intent",
              "value" : "\"wellness\""
            },
            {
              "entity" : "condition",
              "value" : "\"health\"",
              "start" : 10,
              "end" : 21
            }
          ],
          "operations" : [
            {
              "action" : "template-:)"
            }
          ]
        }
      ]
    },
    {
      "name" : "",
      "turns" : [
        {
          "user" : "What are you doing?",
          "entities" : [
            {
              "entity" : "intent",
              "value" : "\"actions\"",
              "start" : 5,
              "end" : 18
            },
            {
              "entity" : "type",
              "value" : "\"question\"",
              "start" : 18,
              "end" : 19
            }
          ],
          "operations" : [
            {
              "action" : "template-I am playing in space"
            }
          ]
        }
      ]
    },
    {
      "name" : "",
      "turns" : [
        {
          "user" : "Joel meet Wes",
          "entities" : [
            {
              "entity" : "intent",
              "value" : "\"introduction\""
            },
            {
              "entity" : "name",
              "value" : "\"Wes\"",
              "start" : 10,
              "end" : 13
            }
          ],
          "operations" : [
            {
              "action" : "template-Nice to meet you {name}!"
            }
          ]
        }
      ]
    }
  ]
}