{
  "data" : {
    "lookups" : [
      "free-text",
      "keywords",
      "trait"
    ],
    "name" : "intent",
    "lang" : "en",
    "exotic" : false,
    "id" : "intent",
    "values" : [
      {
        "value" : "actions",
        "expressions" : [
          "are you doing",
          "up to",
          "what are you"
        ]
      },
      {
        "value" : "greeting",
        "expressions" : [
          "Hi ",
          "Howdy",
          "Yo"
        ]
      },
      {
        "value" : "introduction",
        "expressions" : [
          "meet"
        ]
      },
      {
        "value" : "online",
        "expressions" : [
          "yo",
          "you here joel"
        ]
      },
      {
        "value" : "wellness",
        "expressions" : [
          "",
          "Are you doing",
          "How are you",
          "How're you doing",
          "yo",
          "you good today joel"
        ]
      }
    ],
    "doc" : "User-defined entity",
    "builtin" : false
  }
}